command,response,few_gen,base_gen,few_cos,few_lev,few_jaro,base_cos,base_lev,base_jaro
apt-get install -y vim -v,Command not found,"Error: Error code: 429 - [{'error': {'code': 429, 'message': 'You exceeded your current quota, please check your plan and billing details. For more information on this error, head to: https://ai.google.dev/gemini-api/docs/rate-limits. To monitor your current usage, head to: https://ai.dev/usage?tab=rate-limit. \n* Quota exceeded for metric: generativelanguage.googleapis.com/generate_content_free_tier_input_token_count, limit: 0, model: gemini-2.0-flash-exp\n* Quota exceeded for metric: generativelanguage.googleapis.com/generate_content_free_tier_requests, limit: 0, model: gemini-2.0-flash-exp\nPlease retry in 19.277569303s.', 'status': 'RESOURCE_EXHAUSTED', 'details': [{'@type': 'type.googleapis.com/google.rpc.Help', 'links': [{'description': 'Learn more about Gemini API quotas', 'url': 'https://ai.google.dev/gemini-api/docs/rate-limits'}]}, {'@type': 'type.googleapis.com/google.rpc.QuotaFailure', 'violations': [{'quotaMetric': 'generativelanguage.googleapis.com/generate_content_free_tier_input_token_count', 'quotaId': 'GenerateContentInputTokensPerModelPerMinute-FreeTier', 'quotaDimensions': {'location': 'global', 'model': 'gemini-2.0-flash-exp'}}, {'quotaMetric': 'generativelanguage.googleapis.com/generate_content_free_tier_requests', 'quotaId': 'GenerateRequestsPerMinutePerProjectPerModel-FreeTier', 'quotaDimensions': {'location': 'global', 'model': 'gemini-2.0-flash-exp'}}]}, {'@type': 'type.googleapis.com/google.rpc.RetryInfo', 'retryDelay': '19s'}]}}]","text
E: Could not open lock file /var/lib/dpkg/lock-frontend - open (13: Permission denied)
E: Unable to acquire the dpkg frontend lock; are you root?
```
sarah@devserver01:~$",0.02401833082579528,0.011478730587440866,0.5136301650977744,0.12265498323640461,0.07999999999999996,0.5733683473389355
ip addr var/conf.txt,Permission denied,"Error: Error code: 429 - [{'error': {'code': 429, 'message': 'You exceeded your current quota, please check your plan and billing details. For more information on this error, head to: https://ai.google.dev/gemini-api/docs/rate-limits. To monitor your current usage, head to: https://ai.dev/usage?tab=rate-limit. \n* Quota exceeded for metric: generativelanguage.googleapis.com/generate_content_free_tier_requests, limit: 0, model: gemini-2.0-flash-exp\n* Quota exceeded for metric: generativelanguage.googleapis.com/generate_content_free_tier_input_token_count, limit: 0, model: gemini-2.0-flash-exp\nPlease retry in 14.219732844s.', 'status': 'RESOURCE_EXHAUSTED', 'details': [{'@type': 'type.googleapis.com/google.rpc.Help', 'links': [{'description': 'Learn more about Gemini API quotas', 'url': 'https://ai.google.dev/gemini-api/docs/rate-limits'}]}, {'@type': 'type.googleapis.com/google.rpc.QuotaFailure', 'violations': [{'quotaMetric': 'generativelanguage.googleapis.com/generate_content_free_tier_requests', 'quotaId': 'GenerateRequestsPerMinutePerProjectPerModel-FreeTier', 'quotaDimensions': {'location': 'global', 'model': 'gemini-2.0-flash-exp'}}, {'quotaMetric': 'generativelanguage.googleapis.com/generate_content_free_tier_input_token_count', 'quotaId': 'GenerateContentInputTokensPerModelPerMinute-FreeTier', 'quotaDimensions': {'model': 'gemini-2.0-flash-exp', 'location': 'global'}}]}, {'@type': 'type.googleapis.com/google.rpc.RetryInfo', 'retryDelay': '14s'}]}}]","text
bash: ip: command not found
var/conf.txt: No such file or directory
```
sarah@devserver01:~$",-0.026625752047618127,0.011478730587440866,0.5136301650977744,0.017049692696087623,0.11340206185567014,0.5369054838430217
systemctl status sshd ./config.yaml && echo OK,Process terminated,"Error: Error code: 429 - [{'error': {'code': 429, 'message': 'You exceeded your current quota, please check your plan and billing details. For more information on this error, head to: https://ai.google.dev/gemini-api/docs/rate-limits. To monitor your current usage, head to: https://ai.dev/usage?tab=rate-limit. \n* Quota exceeded for metric: generativelanguage.googleapis.com/generate_content_free_tier_requests, limit: 0, model: gemini-2.0-flash-exp\n* Quota exceeded for metric: generativelanguage.googleapis.com/generate_content_free_tier_input_token_count, limit: 0, model: gemini-2.0-flash-exp\nPlease retry in 9.457413932s.', 'status': 'RESOURCE_EXHAUSTED', 'details': [{'@type': 'type.googleapis.com/google.rpc.Help', 'links': [{'description': 'Learn more about Gemini API quotas', 'url': 'https://ai.google.dev/gemini-api/docs/rate-limits'}]}, {'@type': 'type.googleapis.com/google.rpc.QuotaFailure', 'violations': [{'quotaMetric': 'generativelanguage.googleapis.com/generate_content_free_tier_requests', 'quotaId': 'GenerateRequestsPerMinutePerProjectPerModel-FreeTier', 'quotaDimensions': {'location': 'global', 'model': 'gemini-2.0-flash-exp'}}, {'quotaMetric': 'generativelanguage.googleapis.com/generate_content_free_tier_input_token_count', 'quotaId': 'GenerateContentInputTokensPerModelPerMinute-FreeTier', 'quotaDimensions': {'location': 'global', 'model': 'gemini-2.0-flash-exp'}}]}, {'@type': 'type.googleapis.com/google.rpc.RetryInfo', 'retryDelay': '9s'}]}}]","text
systemctl: command not found
bash: ./config.yaml: No such file or directory
OK
```
morgan@k8s-master01:~$",0.017907932322268956,0.012170385395537497,0.5410938321688828,0.04724690207934636,0.09999999999999998,0.5232323232323233
ps aux && echo OK,Operation completed successfully,"Error: Error code: 429 - [{'error': {'code': 429, 'message': 'You exceeded your current quota, please check your plan and billing details. For more information on this error, head to: https://ai.google.dev/gemini-api/docs/rate-limits. To monitor your current usage, head to: https://ai.dev/usage?tab=rate-limit. \n* Quota exceeded for metric: generativelanguage.googleapis.com/generate_content_free_tier_requests, limit: 0, model: gemini-2.0-flash-exp\n* Quota exceeded for metric: generativelanguage.googleapis.com/generate_content_free_tier_input_token_count, limit: 0, model: gemini-2.0-flash-exp\nPlease retry in 4.86152798s.', 'status': 'RESOURCE_EXHAUSTED', 'details': [{'@type': 'type.googleapis.com/google.rpc.Help', 'links': [{'description': 'Learn more about Gemini API quotas', 'url': 'https://ai.google.dev/gemini-api/docs/rate-limits'}]}, {'@type': 'type.googleapis.com/google.rpc.QuotaFailure', 'violations': [{'quotaMetric': 'generativelanguage.googleapis.com/generate_content_free_tier_requests', 'quotaId': 'GenerateRequestsPerMinutePerProjectPerModel-FreeTier', 'quotaDimensions': {'location': 'global', 'model': 'gemini-2.0-flash-exp'}}, {'quotaMetric': 'generativelanguage.googleapis.com/generate_content_free_tier_input_token_count', 'quotaId': 'GenerateContentInputTokensPerModelPerMinute-FreeTier', 'quotaDimensions': {'location': 'global', 'model': 'gemini-2.0-flash-exp'}}]}, {'@type': 'type.googleapis.com/google.rpc.RetryInfo', 'retryDelay': '4s'}]}}]","text
USER       PID %CPU %MEM    VSZ   RSS TTY      STAT START   TIME COMMAND
root         1  0.0  0.0 168520  8660 ?        Ss   Nov15   0:01 /sbin/init
root       123  0.0  0.0   9380  2868 ?        Ss   Nov15   0:00 /usr/sbin/cron -f
root       345  0.0  0.0 123456  4567 ?        Ss   Nov15   0:02 /usr/sbin/sshd
username   456  0.0  0.0 234567  5678 pts/0    Ss   Nov15   0:00 -bash
root       567  0.0  0.0 345678  6789 ?        Ss   Nov15   0:01 /usr/sbin/apache2 -k start
mysql      678  0.0  0.1 456789 12345 ?        Ssl  Nov15   0:15 /usr/sbin/mysqld
root       789  0.0  0.0 567890  7890 ?        Ss   Nov15   0:00 /usr/sbin/rsyslogd -n
username   890  0.0  0.0 678901  8901 pts/0    R+   Nov15   0:00 ps aux
username   891  0.0  0.0 678902  9012 pts/0    R+   Nov15   0:00 echo OK
OK
```
username@devserver01:~$",-0.11265177101754204,0.021650879566982417,0.5176336265223274,0.12613936227062672,0.025485436893203928,0.44026429341963313
ls -la,Output suppressed (no visible output),"Error: Error code: 429 - [{'error': {'code': 429, 'message': 'You exceeded your current quota, please check your plan and billing details. For more information on this error, head to: https://ai.google.dev/gemini-api/docs/rate-limits. To monitor your current usage, head to: https://ai.dev/usage?tab=rate-limit. \n* Quota exceeded for metric: generativelanguage.googleapis.com/generate_content_free_tier_input_token_count, limit: 0, model: gemini-2.0-flash-exp\n* Quota exceeded for metric: generativelanguage.googleapis.com/generate_content_free_tier_requests, limit: 0, model: gemini-2.0-flash-exp\nPlease retry in 58.080541024s.', 'status': 'RESOURCE_EXHAUSTED', 'details': [{'@type': 'type.googleapis.com/google.rpc.Help', 'links': [{'description': 'Learn more about Gemini API quotas', 'url': 'https://ai.google.dev/gemini-api/docs/rate-limits'}]}, {'@type': 'type.googleapis.com/google.rpc.QuotaFailure', 'violations': [{'quotaMetric': 'generativelanguage.googleapis.com/generate_content_free_tier_input_token_count', 'quotaId': 'GenerateContentInputTokensPerModelPerMinute-FreeTier', 'quotaDimensions': {'location': 'global', 'model': 'gemini-2.0-flash-exp'}}, {'quotaMetric': 'generativelanguage.googleapis.com/generate_content_free_tier_requests', 'quotaId': 'GenerateRequestsPerMinutePerProjectPerModel-FreeTier', 'quotaDimensions': {'location': 'global', 'model': 'gemini-2.0-flash-exp'}}]}, {'@type': 'type.googleapis.com/google.rpc.RetryInfo', 'retryDelay': '58s'}]}}]","text
WARNING: This system is for authorized users only!
All activities are monitored and logged.
Unauthorized access is prohibited and will be prosecuted.
By continuing, you acknowledge corporate IT policies.
Last login: Wed Nov 15 09:42:13 2023 from 10.0.2.150
total 64
drwxr-xr-x 1 sarah developers 4096 Nov 15 09:42 .
drwxr-xr-x 1 root root 4096 Nov 10 14:00 ..
-rw------- 1 sarah developers 2048 Nov 10 14:01 .bash_history
-rw-r--r-- 1 sarah developers 220 Nov 10 14:00 .bash_logout
-rw-r--r-- 1 sarah developers 3771 Nov 10 14:00 .bashrc
drwxr-xr-x 2 sarah developers 4096 Nov 10 14:01 backups
drwxr-xr-x 2 sarah developers 4096 Nov 10 14:01 config
drwxr-xr-x 2 sarah developers 4096 Nov 10 14:01 documents
drwxr-xr-x 2 sarah developers 4096 Nov 10 14:01 hr
drwxr-xr-x 2 sarah developers 4096 Nov 10 14:01 projects
-rw-r--r-- 1 sarah developers 675 Nov 10 14:00 .profile
drwxr-xr-x 2 sarah developers 4096 Nov 10 14:01 scripts
drwxr-xr-x 2 sarah developers 4096 Nov 10 14:01 temp
sarah@devserver01:~$",0.35089925653415616,0.022282241728561747,0.494621446950954,0.24752875112144404,0.028855721393034828,0.49405384313198186
umount /mnt ./config.yaml,(no output),"Error: Error code: 429 - [{'error': {'code': 429, 'message': 'You exceeded your current quota, please check your plan and billing details. For more information on this error, head to: https://ai.google.dev/gemini-api/docs/rate-limits. To monitor your current usage, head to: https://ai.dev/usage?tab=rate-limit. \n* Quota exceeded for metric: generativelanguage.googleapis.com/generate_content_free_tier_requests, limit: 0, model: gemini-2.0-flash-exp\n* Quota exceeded for metric: generativelanguage.googleapis.com/generate_content_free_tier_input_token_count, limit: 0, model: gemini-2.0-flash-exp\nPlease retry in 51.326910307s.', 'status': 'RESOURCE_EXHAUSTED', 'details': [{'@type': 'type.googleapis.com/google.rpc.Help', 'links': [{'description': 'Learn more about Gemini API quotas', 'url': 'https://ai.google.dev/gemini-api/docs/rate-limits'}]}, {'@type': 'type.googleapis.com/google.rpc.QuotaFailure', 'violations': [{'quotaMetric': 'generativelanguage.googleapis.com/generate_content_free_tier_requests', 'quotaId': 'GenerateRequestsPerMinutePerProjectPerModel-FreeTier', 'quotaDimensions': {'location': 'global', 'model': 'gemini-2.0-flash-exp'}}, {'quotaMetric': 'generativelanguage.googleapis.com/generate_content_free_tier_input_token_count', 'quotaId': 'GenerateContentInputTokensPerModelPerMinute-FreeTier', 'quotaDimensions': {'model': 'gemini-2.0-flash-exp', 'location': 'global'}}]}, {'@type': 'type.googleapis.com/google.rpc.RetryInfo', 'retryDelay': '51s'}]}}]","umount: /mnt: not mounted.
bash: ./config.yaml: Permission denied
```

morgan@k8s-master01:~$",0.4797805430369948,0.006076975016880537,0.4599381162514181,0.40098053201730954,0.07526881720430112,0.4794314108830238
rpm -qa --help,Syntax error near unexpected token,"Error: Error code: 429 - [{'error': {'code': 429, 'message': 'You exceeded your current quota, please check your plan and billing details. For more information on this error, head to: https://ai.google.dev/gemini-api/docs/rate-limits. To monitor your current usage, head to: https://ai.dev/usage?tab=rate-limit. \n* Quota exceeded for metric: generativelanguage.googleapis.com/generate_content_free_tier_requests, limit: 0, model: gemini-2.0-flash-exp\n* Quota exceeded for metric: generativelanguage.googleapis.com/generate_content_free_tier_input_token_count, limit: 0, model: gemini-2.0-flash-exp\nPlease retry in 45.880891936s.', 'status': 'RESOURCE_EXHAUSTED', 'details': [{'@type': 'type.googleapis.com/google.rpc.Help', 'links': [{'description': 'Learn more about Gemini API quotas', 'url': 'https://ai.google.dev/gemini-api/docs/rate-limits'}]}, {'@type': 'type.googleapis.com/google.rpc.QuotaFailure', 'violations': [{'quotaMetric': 'generativelanguage.googleapis.com/generate_content_free_tier_requests', 'quotaId': 'GenerateRequestsPerMinutePerProjectPerModel-FreeTier', 'quotaDimensions': {'model': 'gemini-2.0-flash-exp', 'location': 'global'}}, {'quotaMetric': 'generativelanguage.googleapis.com/generate_content_free_tier_input_token_count', 'quotaId': 'GenerateContentInputTokensPerModelPerMinute-FreeTier', 'quotaDimensions': {'location': 'global', 'model': 'gemini-2.0-flash-exp'}}]}, {'@type': 'type.googleapis.com/google.rpc.RetryInfo', 'retryDelay': '45s'}]}}]","text
bash: rpm: command not found
```
morgan@k8s-master01:~$",-0.004152444427047069,0.022282241728561747,0.5272603301955487,-0.039794993919952636,0.16666666666666663,0.5839869281045751
hostname -v,Operation completed successfully,"Error: Error code: 429 - [{'error': {'code': 429, 'message': 'You exceeded your current quota, please check your plan and billing details. For more information on this error, head to: https://ai.google.dev/gemini-api/docs/rate-limits. To monitor your current usage, head to: https://ai.dev/usage?tab=rate-limit. \n* Quota exceeded for metric: generativelanguage.googleapis.com/generate_content_free_tier_requests, limit: 0, model: gemini-2.0-flash-exp\n* Quota exceeded for metric: generativelanguage.googleapis.com/generate_content_free_tier_input_token_count, limit: 0, model: gemini-2.0-flash-exp\nPlease retry in 41.842498348s.', 'status': 'RESOURCE_EXHAUSTED', 'details': [{'@type': 'type.googleapis.com/google.rpc.Help', 'links': [{'description': 'Learn more about Gemini API quotas', 'url': 'https://ai.google.dev/gemini-api/docs/rate-limits'}]}, {'@type': 'type.googleapis.com/google.rpc.QuotaFailure', 'violations': [{'quotaMetric': 'generativelanguage.googleapis.com/generate_content_free_tier_requests', 'quotaId': 'GenerateRequestsPerMinutePerProjectPerModel-FreeTier', 'quotaDimensions': {'location': 'global', 'model': 'gemini-2.0-flash-exp'}}, {'quotaMetric': 'generativelanguage.googleapis.com/generate_content_free_tier_input_token_count', 'quotaId': 'GenerateContentInputTokensPerModelPerMinute-FreeTier', 'quotaDimensions': {'location': 'global', 'model': 'gemini-2.0-flash-exp'}}]}, {'@type': 'type.googleapis.com/google.rpc.RetryInfo', 'retryDelay': '41s'}]}}]","text
hostname:  unknown option -- v
hostname: usage: hostname [-b] [-d] [-f] [-i] [-I] [-s] [-V] [--domain] [--fqdn] [--ip-address] [--all-ip-addresses] [--short] [--version] [HOSTNAME]
morgan@k8s-master01:~$",-0.11468100624835341,0.02160702228224176,0.5176190074274138,-0.0652819097151261,0.09134615384615385,0.4613927738927739
grep root /etc/passwd | grep root,No such file or directory,"Error: Error code: 429 - [{'error': {'code': 429, 'message': 'You exceeded your current quota, please check your plan and billing details. For more information on this error, head to: https://ai.google.dev/gemini-api/docs/rate-limits. To monitor your current usage, head to: https://ai.dev/usage?tab=rate-limit. \n* Quota exceeded for metric: generativelanguage.googleapis.com/generate_content_free_tier_requests, limit: 0, model: gemini-2.0-flash-exp\n* Quota exceeded for metric: generativelanguage.googleapis.com/generate_content_free_tier_input_token_count, limit: 0, model: gemini-2.0-flash-exp\nPlease retry in 37.005845895s.', 'status': 'RESOURCE_EXHAUSTED', 'details': [{'@type': 'type.googleapis.com/google.rpc.Help', 'links': [{'description': 'Learn more about Gemini API quotas', 'url': 'https://ai.google.dev/gemini-api/docs/rate-limits'}]}, {'@type': 'type.googleapis.com/google.rpc.QuotaFailure', 'violations': [{'quotaMetric': 'generativelanguage.googleapis.com/generate_content_free_tier_requests', 'quotaId': 'GenerateRequestsPerMinutePerProjectPerModel-FreeTier', 'quotaDimensions': {'location': 'global', 'model': 'gemini-2.0-flash-exp'}}, {'quotaMetric': 'generativelanguage.googleapis.com/generate_content_free_tier_input_token_count', 'quotaId': 'GenerateContentInputTokensPerModelPerMinute-FreeTier', 'quotaDimensions': {'location': 'global', 'model': 'gemini-2.0-flash-exp'}}]}, {'@type': 'type.googleapis.com/google.rpc.RetryInfo', 'retryDelay': '37s'}]}}]","text
root:x:0:0:root:/root:/bin/bash
root@devserver01:~$",-0.03294269062031457,0.01620526671168132,0.5198462000150048,-0.07535621677099044,0.125,0.39396103896103896
rpm -qa ./config.yaml -v,Command not found,"Error: Error code: 429 - [{'error': {'code': 429, 'message': 'You exceeded your current quota, please check your plan and billing details. For more information on this error, head to: https://ai.google.dev/gemini-api/docs/rate-limits. To monitor your current usage, head to: https://ai.dev/usage?tab=rate-limit. \n* Quota exceeded for metric: generativelanguage.googleapis.com/generate_content_free_tier_input_token_count, limit: 0, model: gemini-2.0-flash-exp\n* Quota exceeded for metric: generativelanguage.googleapis.com/generate_content_free_tier_requests, limit: 0, model: gemini-2.0-flash-exp\nPlease retry in 32.625372542s.', 'status': 'RESOURCE_EXHAUSTED', 'details': [{'@type': 'type.googleapis.com/google.rpc.Help', 'links': [{'description': 'Learn more about Gemini API quotas', 'url': 'https://ai.google.dev/gemini-api/docs/rate-limits'}]}, {'@type': 'type.googleapis.com/google.rpc.QuotaFailure', 'violations': [{'quotaMetric': 'generativelanguage.googleapis.com/generate_content_free_tier_input_token_count', 'quotaId': 'GenerateContentInputTokensPerModelPerMinute-FreeTier', 'quotaDimensions': {'location': 'global', 'model': 'gemini-2.0-flash-exp'}}, {'quotaMetric': 'generativelanguage.googleapis.com/generate_content_free_tier_requests', 'quotaId': 'GenerateRequestsPerMinutePerProjectPerModel-FreeTier', 'quotaDimensions': {'model': 'gemini-2.0-flash-exp', 'location': 'global'}}]}, {'@type': 'type.googleapis.com/google.rpc.RetryInfo', 'retryDelay': '32s'}]}}]","text
rpm: illegal option -- q
Usage: rpm [-a|-b] [options] <package_file> ...
   or: rpm [-q] [options] [<package_name> ...]
   or: rpm {-i|--install} [install-options] <package_file> ...
   or: rpm {-U|--upgrade} [install-options] <package_file> ...
   or: rpm {-F|--freshen} [install-options] <package_file> ...
   or: rpm {-e|--erase} [--allmatches] [--justdb] [--nodeps] [--noscripts] [--notriggers] [--repackage] <package_name> ...
   or: rpm {-V|--verify} [verify-options] [<package_name> ...]
   or: rpm {-K|--checksig} [--nosignature] [--nodigest] <package_file> ...
   or: rpm --rebuilddb
   or: rpm --initdb
   or: rpm --version

jordan@datalab-prod:~$",0.024078207569643188,0.011478730587440866,0.5136301650977744,-0.12950512989154858,0.024169184290030232,0.5238927393716801
systemctl status sshd -v,Output suppressed,"Error: Error code: 429 - [{'error': {'code': 429, 'message': 'You exceeded your current quota, please check your plan and billing details. For more information on this error, head to: https://ai.google.dev/gemini-api/docs/rate-limits. To monitor your current usage, head to: https://ai.dev/usage?tab=rate-limit. \n* Quota exceeded for metric: generativelanguage.googleapis.com/generate_content_free_tier_requests, limit: 0, model: gemini-2.0-flash-exp\n* Quota exceeded for metric: generativelanguage.googleapis.com/generate_content_free_tier_input_token_count, limit: 0, model: gemini-2.0-flash-exp\nPlease retry in 26.868010591s.', 'status': 'RESOURCE_EXHAUSTED', 'details': [{'@type': 'type.googleapis.com/google.rpc.Help', 'links': [{'description': 'Learn more about Gemini API quotas', 'url': 'https://ai.google.dev/gemini-api/docs/rate-limits'}]}, {'@type': 'type.googleapis.com/google.rpc.QuotaFailure', 'violations': [{'quotaMetric': 'generativelanguage.googleapis.com/generate_content_free_tier_requests', 'quotaId': 'GenerateRequestsPerMinutePerProjectPerModel-FreeTier', 'quotaDimensions': {'location': 'global', 'model': 'gemini-2.0-flash-exp'}}, {'quotaMetric': 'generativelanguage.googleapis.com/generate_content_free_tier_input_token_count', 'quotaId': 'GenerateContentInputTokensPerModelPerMinute-FreeTier', 'quotaDimensions': {'location': 'global', 'model': 'gemini-2.0-flash-exp'}}]}, {'@type': 'type.googleapis.com/google.rpc.RetryInfo', 'retryDelay': '26s'}]}}]","text
Unit sshd.service could not be found.
```
morgan@k8s-master01:~$",-0.08416446911151966,0.011478730587440866,0.5332380082350292,-0.011822006567250673,0.13043478260869568,0.5154873543620346
netstat -tuln | grep root,Execution finished with status 0,"Error: Error code: 429 - [{'error': {'code': 429, 'message': 'You exceeded your current quota, please check your plan and billing details. For more information on this error, head to: https://ai.google.dev/gemini-api/docs/rate-limits. To monitor your current usage, head to: https://ai.dev/usage?tab=rate-limit. \n* Quota exceeded for metric: generativelanguage.googleapis.com/generate_content_free_tier_requests, limit: 0, model: gemini-2.0-flash-exp\n* Quota exceeded for metric: generativelanguage.googleapis.com/generate_content_free_tier_input_token_count, limit: 0, model: gemini-2.0-flash-exp\nPlease retry in 22.198206778s.', 'status': 'RESOURCE_EXHAUSTED', 'details': [{'@type': 'type.googleapis.com/google.rpc.Help', 'links': [{'description': 'Learn more about Gemini API quotas', 'url': 'https://ai.google.dev/gemini-api/docs/rate-limits'}]}, {'@type': 'type.googleapis.com/google.rpc.QuotaFailure', 'violations': [{'quotaMetric': 'generativelanguage.googleapis.com/generate_content_free_tier_requests', 'quotaId': 'GenerateRequestsPerMinutePerProjectPerModel-FreeTier', 'quotaDimensions': {'model': 'gemini-2.0-flash-exp', 'location': 'global'}}, {'quotaMetric': 'generativelanguage.googleapis.com/generate_content_free_tier_input_token_count', 'quotaId': 'GenerateContentInputTokensPerModelPerMinute-FreeTier', 'quotaDimensions': {'location': 'global', 'model': 'gemini-2.0-flash-exp'}}]}, {'@type': 'type.googleapis.com/google.rpc.RetryInfo', 'retryDelay': '22s'}]}}]","text
grep: root: No such file or directory
```
morgan@k8s-master01:~$",0.07094617048315933,0.020931802835921665,0.5614206698830345,0.0580018928526661,0.17391304347826086,0.5742753623188406
chmod 644 file 755,Command not found,"Error: Error code: 429 - [{'error': {'code': 429, 'message': 'You exceeded your current quota, please check your plan and billing details. For more information on this error, head to: https://ai.google.dev/gemini-api/docs/rate-limits. To monitor your current usage, head to: https://ai.dev/usage?tab=rate-limit. \n* Quota exceeded for metric: generativelanguage.googleapis.com/generate_content_free_tier_requests, limit: 0, model: gemini-2.0-flash-exp\n* Quota exceeded for metric: generativelanguage.googleapis.com/generate_content_free_tier_input_token_count, limit: 0, model: gemini-2.0-flash-exp\nPlease retry in 16.781678395s.', 'status': 'RESOURCE_EXHAUSTED', 'details': [{'@type': 'type.googleapis.com/google.rpc.Help', 'links': [{'description': 'Learn more about Gemini API quotas', 'url': 'https://ai.google.dev/gemini-api/docs/rate-limits'}]}, {'@type': 'type.googleapis.com/google.rpc.QuotaFailure', 'violations': [{'quotaMetric': 'generativelanguage.googleapis.com/generate_content_free_tier_requests', 'quotaId': 'GenerateRequestsPerMinutePerProjectPerModel-FreeTier', 'quotaDimensions': {'location': 'global', 'model': 'gemini-2.0-flash-exp'}}, {'quotaMetric': 'generativelanguage.googleapis.com/generate_content_free_tier_input_token_count', 'quotaId': 'GenerateContentInputTokensPerModelPerMinute-FreeTier', 'quotaDimensions': {'location': 'global', 'model': 'gemini-2.0-flash-exp'}}]}, {'@type': 'type.googleapis.com/google.rpc.RetryInfo', 'retryDelay': '16s'}]}}]","chmod: invalid mode: ‘644 file’
Try 'chmod --help' for more information.
```
sarah@devserver01:~$",0.02189125391165736,0.011478730587440866,0.5136301650977744,0.03743609671302322,0.1030927835051546,0.47906267979039346
which python3 /home/user/test.txt var/conf.txt,Operation completed successfully,"Error: Error code: 429 - [{'error': {'code': 429, 'message': 'You exceeded your current quota, please check your plan and billing details. For more information on this error, head to: https://ai.google.dev/gemini-api/docs/rate-limits. To monitor your current usage, head to: https://ai.dev/usage?tab=rate-limit. \n* Quota exceeded for metric: generativelanguage.googleapis.com/generate_content_free_tier_requests, limit: 0, model: gemini-2.0-flash-exp\n* Quota exceeded for metric: generativelanguage.googleapis.com/generate_content_free_tier_input_token_count, limit: 0, model: gemini-2.0-flash-exp\nPlease retry in 12.375091497s.', 'status': 'RESOURCE_EXHAUSTED', 'details': [{'@type': 'type.googleapis.com/google.rpc.Help', 'links': [{'description': 'Learn more about Gemini API quotas', 'url': 'https://ai.google.dev/gemini-api/docs/rate-limits'}]}, {'@type': 'type.googleapis.com/google.rpc.QuotaFailure', 'violations': [{'quotaMetric': 'generativelanguage.googleapis.com/generate_content_free_tier_requests', 'quotaId': 'GenerateRequestsPerMinutePerProjectPerModel-FreeTier', 'quotaDimensions': {'location': 'global', 'model': 'gemini-2.0-flash-exp'}}, {'quotaMetric': 'generativelanguage.googleapis.com/generate_content_free_tier_input_token_count', 'quotaId': 'GenerateContentInputTokensPerModelPerMinute-FreeTier', 'quotaDimensions': {'location': 'global', 'model': 'gemini-2.0-flash-exp'}}]}, {'@type': 'type.googleapis.com/google.rpc.RetryInfo', 'retryDelay': '12s'}]}}]","text
/usr/bin/python3
/usr/bin/which: no /home/user/test.txt in (/usr/local/sbin:/usr/local/bin:/usr/sbin:/usr/bin:/sbin:/bin:/snap/bin)
/usr/bin/which: no var/conf.txt in (/usr/local/sbin:/usr/local/bin:/usr/sbin:/usr/bin:/sbin:/bin:/snap/bin)
```
sarah@devserver01:~$",-0.11405867504856608,0.02160702228224176,0.5176190074274138,-0.15626722218136133,0.07434944237918217,0.5334211960005126
id,100%[=================================] 1.2M  1.2MB/s  in 1s,"Error: Error code: 429 - [{'error': {'code': 429, 'message': 'You exceeded your current quota, please check your plan and billing details. For more information on this error, head to: https://ai.google.dev/gemini-api/docs/rate-limits. To monitor your current usage, head to: https://ai.dev/usage?tab=rate-limit. \n* Quota exceeded for metric: generativelanguage.googleapis.com/generate_content_free_tier_input_token_count, limit: 0, model: gemini-2.0-flash-exp\n* Quota exceeded for metric: generativelanguage.googleapis.com/generate_content_free_tier_requests, limit: 0, model: gemini-2.0-flash-exp\nPlease retry in 5.965332822s.', 'status': 'RESOURCE_EXHAUSTED', 'details': [{'@type': 'type.googleapis.com/google.rpc.Help', 'links': [{'description': 'Learn more about Gemini API quotas', 'url': 'https://ai.google.dev/gemini-api/docs/rate-limits'}]}, {'@type': 'type.googleapis.com/google.rpc.QuotaFailure', 'violations': [{'quotaMetric': 'generativelanguage.googleapis.com/generate_content_free_tier_input_token_count', 'quotaId': 'GenerateContentInputTokensPerModelPerMinute-FreeTier', 'quotaDimensions': {'model': 'gemini-2.0-flash-exp', 'location': 'global'}}, {'quotaMetric': 'generativelanguage.googleapis.com/generate_content_free_tier_requests', 'quotaId': 'GenerateRequestsPerMinutePerProjectPerModel-FreeTier', 'quotaDimensions': {'model': 'gemini-2.0-flash-exp', 'location': 'global'}}]}, {'@type': 'type.googleapis.com/google.rpc.RetryInfo', 'retryDelay': '5s'}]}}]","text
uid=1001(sarah) gid=1001(developers) groups=1001(developers),1002(users),1003(docker)
```
sarah@devserver01:~$",0.45619953618027015,0.01284651791751179,0.30282018433507707,0.5417457101960947,0.08695652173913049,0.3268115942028985
pwd,active (running) since Mon 2025-10-20 14:00:00; 1h 23min ago,"Error: Error code: 429 - [{'error': {'code': 429, 'message': 'You exceeded your current quota, please check your plan and billing details. For more information on this error, head to: https://ai.google.dev/gemini-api/docs/rate-limits. To monitor your current usage, head to: https://ai.dev/usage?tab=rate-limit. \n* Quota exceeded for metric: generativelanguage.googleapis.com/generate_content_free_tier_input_token_count, limit: 0, model: gemini-2.0-flash-exp\n* Quota exceeded for metric: generativelanguage.googleapis.com/generate_content_free_tier_requests, limit: 0, model: gemini-2.0-flash-exp\nPlease retry in 1.159433964s.', 'status': 'RESOURCE_EXHAUSTED', 'details': [{'@type': 'type.googleapis.com/google.rpc.Help', 'links': [{'description': 'Learn more about Gemini API quotas', 'url': 'https://ai.google.dev/gemini-api/docs/rate-limits'}]}, {'@type': 'type.googleapis.com/google.rpc.QuotaFailure', 'violations': [{'quotaMetric': 'generativelanguage.googleapis.com/generate_content_free_tier_input_token_count', 'quotaId': 'GenerateContentInputTokensPerModelPerMinute-FreeTier', 'quotaDimensions': {'location': 'global', 'model': 'gemini-2.0-flash-exp'}}, {'quotaMetric': 'generativelanguage.googleapis.com/generate_content_free_tier_requests', 'quotaId': 'GenerateRequestsPerMinutePerProjectPerModel-FreeTier', 'quotaDimensions': {'location': 'global', 'model': 'gemini-2.0-flash-exp'}}]}, {'@type': 'type.googleapis.com/google.rpc.RetryInfo', 'retryDelay': '1s'}]}}]","text
WARNING: This system is for authorized users only!
All activities are monitored and logged.
Unauthorized access is prohibited and will be prosecuted.
By continuing, you acknowledge corporate IT policies.
Last login: Wed Nov 15 09:42:13 2023 from 10.0.2.150
```

```text
/home/sarah
```
sarah@devserver01:~$",0.5409966023185364,0.030425963488843855,0.48009569875695635,0.19416109131889414,0.10289389067524113,0.4237703941884006
grep root /etc/passwd,(no output),"Error: Error code: 429 - [{'error': {'code': 429, 'message': 'You exceeded your current quota, please check your plan and billing details. For more information on this error, head to: https://ai.google.dev/gemini-api/docs/rate-limits. To monitor your current usage, head to: https://ai.dev/usage?tab=rate-limit. \n* Quota exceeded for metric: generativelanguage.googleapis.com/generate_content_free_tier_requests, limit: 0, model: gemini-2.0-flash-exp\n* Quota exceeded for metric: generativelanguage.googleapis.com/generate_content_free_tier_input_token_count, limit: 0, model: gemini-2.0-flash-exp\nPlease retry in 56.201427583s.', 'status': 'RESOURCE_EXHAUSTED', 'details': [{'@type': 'type.googleapis.com/google.rpc.Help', 'links': [{'description': 'Learn more about Gemini API quotas', 'url': 'https://ai.google.dev/gemini-api/docs/rate-limits'}]}, {'@type': 'type.googleapis.com/google.rpc.QuotaFailure', 'violations': [{'quotaMetric': 'generativelanguage.googleapis.com/generate_content_free_tier_requests', 'quotaId': 'GenerateRequestsPerMinutePerProjectPerModel-FreeTier', 'quotaDimensions': {'location': 'global', 'model': 'gemini-2.0-flash-exp'}}, {'quotaMetric': 'generativelanguage.googleapis.com/generate_content_free_tier_input_token_count', 'quotaId': 'GenerateContentInputTokensPerModelPerMinute-FreeTier', 'quotaDimensions': {'location': 'global', 'model': 'gemini-2.0-flash-exp'}}]}, {'@type': 'type.googleapis.com/google.rpc.RetryInfo', 'retryDelay': '56s'}]}}]","text
root:x:0:0:root:/root:/bin/bash
```
sarah@devserver01:~$",0.48090937211922774,0.006076975016880537,0.4599381162514181,0.2550677549878619,0.06557377049180324,0.3788375558867362
systemctl status sshd,passwd: password updated successfully,"Error: Error code: 429 - [{'error': {'code': 429, 'message': 'You exceeded your current quota, please check your plan and billing details. For more information on this error, head to: https://ai.google.dev/gemini-api/docs/rate-limits. To monitor your current usage, head to: https://ai.dev/usage?tab=rate-limit. \n* Quota exceeded for metric: generativelanguage.googleapis.com/generate_content_free_tier_requests, limit: 0, model: gemini-2.0-flash-exp\n* Quota exceeded for metric: generativelanguage.googleapis.com/generate_content_free_tier_input_token_count, limit: 0, model: gemini-2.0-flash-exp\nPlease retry in 51.741941646s.', 'status': 'RESOURCE_EXHAUSTED', 'details': [{'@type': 'type.googleapis.com/google.rpc.Help', 'links': [{'description': 'Learn more about Gemini API quotas', 'url': 'https://ai.google.dev/gemini-api/docs/rate-limits'}]}, {'@type': 'type.googleapis.com/google.rpc.QuotaFailure', 'violations': [{'quotaMetric': 'generativelanguage.googleapis.com/generate_content_free_tier_requests', 'quotaId': 'GenerateRequestsPerMinutePerProjectPerModel-FreeTier', 'quotaDimensions': {'location': 'global', 'model': 'gemini-2.0-flash-exp'}}, {'quotaMetric': 'generativelanguage.googleapis.com/generate_content_free_tier_input_token_count', 'quotaId': 'GenerateContentInputTokensPerModelPerMinute-FreeTier', 'quotaDimensions': {'model': 'gemini-2.0-flash-exp', 'location': 'global'}}]}, {'@type': 'type.googleapis.com/google.rpc.RetryInfo', 'retryDelay': '51s'}]}}]","text
Unit sshd.service could not be found.
```
morgan@k8s-master01:~$",0.2569815845586948,0.02363268062120194,0.5136690659985731,0.01930286487455108,0.1594202898550725,0.4922313617965792
/usr/bin/tail -n 50 /var/log/syslog,Execution finished with status 0,"Error: Error code: 429 - [{'error': {'code': 429, 'message': 'You exceeded your current quota, please check your plan and billing details. For more information on this error, head to: https://ai.google.dev/gemini-api/docs/rate-limits. To monitor your current usage, head to: https://ai.dev/usage?tab=rate-limit. \n* Quota exceeded for metric: generativelanguage.googleapis.com/generate_content_free_tier_requests, limit: 0, model: gemini-2.0-flash-exp\n* Quota exceeded for metric: generativelanguage.googleapis.com/generate_content_free_tier_input_token_count, limit: 0, model: gemini-2.0-flash-exp\nPlease retry in 47.097071072s.', 'status': 'RESOURCE_EXHAUSTED', 'details': [{'@type': 'type.googleapis.com/google.rpc.Help', 'links': [{'description': 'Learn more about Gemini API quotas', 'url': 'https://ai.google.dev/gemini-api/docs/rate-limits'}]}, {'@type': 'type.googleapis.com/google.rpc.QuotaFailure', 'violations': [{'quotaMetric': 'generativelanguage.googleapis.com/generate_content_free_tier_requests', 'quotaId': 'GenerateRequestsPerMinutePerProjectPerModel-FreeTier', 'quotaDimensions': {'location': 'global', 'model': 'gemini-2.0-flash-exp'}}, {'quotaMetric': 'generativelanguage.googleapis.com/generate_content_free_tier_input_token_count', 'quotaId': 'GenerateContentInputTokensPerModelPerMinute-FreeTier', 'quotaDimensions': {'model': 'gemini-2.0-flash-exp', 'location': 'global'}}]}, {'@type': 'type.googleapis.com/google.rpc.RetryInfo', 'retryDelay': '47s'}]}}]","text
Nov 17 14:35:01 devserver01 CRON[12345]: (sarah) CMD (  /home/sarah/scripts/backup.sh)
Nov 17 14:35:01 devserver01 rsyslogd: [origin software=""rsyslogd"" swVersion=""8.2001.0"" x-pid=""1234"" x-info=""https://www.rsyslog.com""] rsyslogd was HUPed
Nov 17 14:40:01 devserver01 CRON[12346]: (root) CMD (command -v debian-sa1 > /dev/null && debian-sa1 1 1)
Nov 17 14:45:01 devserver01 CRON[12347]: (sarah) CMD (  /home/sarah/scripts/backup.sh)
Nov 17 14:50:01 devserver01 CRON[12348]: (root) CMD (command -v debian-sa1 > /dev/null && debian-sa1 1 1)
Nov 17 14:55:01 devserver01 CRON[12349]: (sarah) CMD (  /home/sarah/scripts/backup.sh)
Nov 17 15:00:01 devserver01 CRON[12350]: (root) CMD (command -v debian-sa1 > /dev/null && debian-sa1 1 1)
Nov 17 15:05:01 devserver01 CRON[12351]: (sarah) CMD (  /home/sarah/scripts/backup.sh)
Nov 17 15:10:01 devserver01 CRON[12352]: (root) CMD (command -v debian-sa1 > /dev/null && debian-sa1 1 1)
Nov 17 15:15:01 devserver01 CRON[12353]: (sarah) CMD (  /home/sarah/scripts/backup.sh)
Nov 17 15:20:01 devserver01 CRON[12354]: (root) CMD (command -v debian-sa1 > /dev/null && debian-sa1 1 1)
Nov 17 15:25:01 devserver01 CRON[12355]: (sarah) CMD (  /home/sarah/scripts/backup.sh)
Nov 17 15:30:01 devserver01 CRON[12356]: (root) CMD (command -v debian-sa1 > /dev/null && debian-sa1 1 1)
Nov 17 15:35:01 devserver01 CRON[12357]: (sarah) CMD (  /home/sarah/scripts/backup.sh)
Nov 17 15:40:01 devserver01 CRON[12358]: (root) CMD (command -v debian-sa1 > /dev/null && debian-sa1 1 1)
Nov 17 15:45:01 devserver01 CRON[12359]: (sarah) CMD (  /home/sarah/scripts/backup.sh)
Nov 17 15:50:01 devserver01 CRON[12360]: (root) CMD (command -v debian-sa1 > /dev/null && debian-sa1 1 1)
Nov 17 15:55:01 devserver01 CRON[12361]: (sarah) CMD (  /home/sarah/scripts/backup.sh)
Nov 17 16:00:01 devserver01 CRON[12362]: (root) CMD (command -v debian-sa1 > /dev/null && debian-sa1 1 1)
Nov 17 16:05:01 devserver01 CRON[12363]: (sar",0.06912621675627513,0.020931802835921665,0.5614206698830345,0.1390448337824731,0.015463917525773141,0.5325442024165834
netstat -tuln && echo OK,Permission denied,"Error: Error code: 429 - [{'error': {'code': 429, 'message': 'You exceeded your current quota, please check your plan and billing details. For more information on this error, head to: https://ai.google.dev/gemini-api/docs/rate-limits. To monitor your current usage, head to: https://ai.dev/usage?tab=rate-limit. \n* Quota exceeded for metric: generativelanguage.googleapis.com/generate_content_free_tier_requests, limit: 0, model: gemini-2.0-flash-exp\n* Quota exceeded for metric: generativelanguage.googleapis.com/generate_content_free_tier_input_token_count, limit: 0, model: gemini-2.0-flash-exp\nPlease retry in 36.458858177s.', 'status': 'RESOURCE_EXHAUSTED', 'details': [{'@type': 'type.googleapis.com/google.rpc.Help', 'links': [{'description': 'Learn more about Gemini API quotas', 'url': 'https://ai.google.dev/gemini-api/docs/rate-limits'}]}, {'@type': 'type.googleapis.com/google.rpc.QuotaFailure', 'violations': [{'quotaMetric': 'generativelanguage.googleapis.com/generate_content_free_tier_requests', 'quotaId': 'GenerateRequestsPerMinutePerProjectPerModel-FreeTier', 'quotaDimensions': {'model': 'gemini-2.0-flash-exp', 'location': 'global'}}, {'quotaMetric': 'generativelanguage.googleapis.com/generate_content_free_tier_input_token_count', 'quotaId': 'GenerateContentInputTokensPerModelPerMinute-FreeTier', 'quotaDimensions': {'location': 'global', 'model': 'gemini-2.0-flash-exp'}}]}, {'@type': 'type.googleapis.com/google.rpc.RetryInfo', 'retryDelay': '36s'}]}}]","text
Active Internet connections (only servers)
Proto Recv-Q Send-Q Local Address           Foreign Address         State      
tcp        0      0 0.0.0.0:22              0.0.0.0:*               LISTEN     
tcp        0      0 127.0.0.1:631           0.0.0.0:*               LISTEN     
tcp6       0      0 :::22                   :::*                    LISTEN     
tcp6       0      0 ::1:631                 :::*                    LISTEN     
udp        0      0 0.0.0.0:68              0.0.0.0:*                          
udp        0      0 0.0.0.0:5353            0.0.0.0:*                          
udp        0      0 0.0.0.0:5355            0.0.0.0:*                          
udp6       0      0 :::5353                 :::*                               
udp6       0      0 :::5355                 :::*                               
OK
```
morgan@k8s-master01:~$",-0.0291031544065822,0.011478730587440866,0.5136301650977744,-0.10990806880942489,0.014823261117445807,0.4864734947570818
mkdir /tmp/testdir | grep root,Execution finished with status 0,"Error: Error code: 429 - [{'error': {'code': 429, 'message': 'You exceeded your current quota, please check your plan and billing details. For more information on this error, head to: https://ai.google.dev/gemini-api/docs/rate-limits. To monitor your current usage, head to: https://ai.dev/usage?tab=rate-limit. \n* Quota exceeded for metric: generativelanguage.googleapis.com/generate_content_free_tier_input_token_count, limit: 0, model: gemini-2.0-flash-exp\n* Quota exceeded for metric: generativelanguage.googleapis.com/generate_content_free_tier_requests, limit: 0, model: gemini-2.0-flash-exp\nPlease retry in 30.347158798s.', 'status': 'RESOURCE_EXHAUSTED', 'details': [{'@type': 'type.googleapis.com/google.rpc.Help', 'links': [{'description': 'Learn more about Gemini API quotas', 'url': 'https://ai.google.dev/gemini-api/docs/rate-limits'}]}, {'@type': 'type.googleapis.com/google.rpc.QuotaFailure', 'violations': [{'quotaMetric': 'generativelanguage.googleapis.com/generate_content_free_tier_input_token_count', 'quotaId': 'GenerateContentInputTokensPerModelPerMinute-FreeTier', 'quotaDimensions': {'location': 'global', 'model': 'gemini-2.0-flash-exp'}}, {'quotaMetric': 'generativelanguage.googleapis.com/generate_content_free_tier_requests', 'quotaId': 'GenerateRequestsPerMinutePerProjectPerModel-FreeTier', 'quotaDimensions': {'location': 'global', 'model': 'gemini-2.0-flash-exp'}}]}, {'@type': 'type.googleapis.com/google.rpc.RetryInfo', 'retryDelay': '30s'}]}}]","text
mkdir: created directory '/tmp/testdir'
grep: /tmp/testdir: Is a directory
```
morgan@k8s-master01:~$",0.07011531375795149,0.020931802835921665,0.5614206698830345,0.04242513567526296,0.15094339622641506,0.5104702687249857
/usr/bin/systemctl status sshd,No such file or directory,"Error: Error code: 429 - [{'error': {'code': 429, 'message': 'You exceeded your current quota, please check your plan and billing details. For more information on this error, head to: https://ai.google.dev/gemini-api/docs/rate-limits. To monitor your current usage, head to: https://ai.dev/usage?tab=rate-limit. \n* Quota exceeded for metric: generativelanguage.googleapis.com/generate_content_free_tier_requests, limit: 0, model: gemini-2.0-flash-exp\n* Quota exceeded for metric: generativelanguage.googleapis.com/generate_content_free_tier_input_token_count, limit: 0, model: gemini-2.0-flash-exp\nPlease retry in 24.955979016s.', 'status': 'RESOURCE_EXHAUSTED', 'details': [{'@type': 'type.googleapis.com/google.rpc.Help', 'links': [{'description': 'Learn more about Gemini API quotas', 'url': 'https://ai.google.dev/gemini-api/docs/rate-limits'}]}, {'@type': 'type.googleapis.com/google.rpc.QuotaFailure', 'violations': [{'quotaMetric': 'generativelanguage.googleapis.com/generate_content_free_tier_requests', 'quotaId': 'GenerateRequestsPerMinutePerProjectPerModel-FreeTier', 'quotaDimensions': {'model': 'gemini-2.0-flash-exp', 'location': 'global'}}, {'quotaMetric': 'generativelanguage.googleapis.com/generate_content_free_tier_input_token_count', 'quotaId': 'GenerateContentInputTokensPerModelPerMinute-FreeTier', 'quotaDimensions': {'location': 'global', 'model': 'gemini-2.0-flash-exp'}}]}, {'@type': 'type.googleapis.com/google.rpc.RetryInfo', 'retryDelay': '24s'}]}}]","text
Unit sshd.service could not be found.
```
morgan@k8s-master01:~$",-0.03209726123628789,0.01620526671168132,0.5198462000150048,-0.06275743650181051,0.17391304347826086,0.5814317083882301
curl -I https://example.com /home/user/test.txt home/log.txt,Execution finished with status 0,"Error: Error code: 429 - [{'error': {'code': 429, 'message': 'You exceeded your current quota, please check your plan and billing details. For more information on this error, head to: https://ai.google.dev/gemini-api/docs/rate-limits. To monitor your current usage, head to: https://ai.dev/usage?tab=rate-limit. \n* Quota exceeded for metric: generativelanguage.googleapis.com/generate_content_free_tier_input_token_count, limit: 0, model: gemini-2.0-flash-exp\n* Quota exceeded for metric: generativelanguage.googleapis.com/generate_content_free_tier_requests, limit: 0, model: gemini-2.0-flash-exp\nPlease retry in 20.066719719s.', 'status': 'RESOURCE_EXHAUSTED', 'details': [{'@type': 'type.googleapis.com/google.rpc.Help', 'links': [{'description': 'Learn more about Gemini API quotas', 'url': 'https://ai.google.dev/gemini-api/docs/rate-limits'}]}, {'@type': 'type.googleapis.com/google.rpc.QuotaFailure', 'violations': [{'quotaMetric': 'generativelanguage.googleapis.com/generate_content_free_tier_input_token_count', 'quotaId': 'GenerateContentInputTokensPerModelPerMinute-FreeTier', 'quotaDimensions': {'model': 'gemini-2.0-flash-exp', 'location': 'global'}}, {'quotaMetric': 'generativelanguage.googleapis.com/generate_content_free_tier_requests', 'quotaId': 'GenerateRequestsPerMinutePerProjectPerModel-FreeTier', 'quotaDimensions': {'location': 'global', 'model': 'gemini-2.0-flash-exp'}}]}, {'@type': 'type.googleapis.com/google.rpc.RetryInfo', 'retryDelay': '20s'}]}}]","curl: try 'curl --help' or 'curl --manual' for more information
```
sarah@devserver01:~$",0.06960919941909796,0.020931802835921665,0.5614206698830345,0.034097173931065206,0.13636363636363635,0.4674242424242424
rpm -qa /etc/passwd,"root:x:0:0:root:/root:/bin/bash
daemon:x:1:1:daemon:/usr/sbin:/usr/sbin/nologin
user:x:1000:1000:user:/home/user:/bin/bash","Error: Error code: 429 - [{'error': {'code': 429, 'message': 'You exceeded your current quota, please check your plan and billing details. For more information on this error, head to: https://ai.google.dev/gemini-api/docs/rate-limits. To monitor your current usage, head to: https://ai.dev/usage?tab=rate-limit. \n* Quota exceeded for metric: generativelanguage.googleapis.com/generate_content_free_tier_input_token_count, limit: 0, model: gemini-2.0-flash-exp\n* Quota exceeded for metric: generativelanguage.googleapis.com/generate_content_free_tier_requests, limit: 0, model: gemini-2.0-flash-exp\nPlease retry in 15.395350586s.', 'status': 'RESOURCE_EXHAUSTED', 'details': [{'@type': 'type.googleapis.com/google.rpc.Help', 'links': [{'description': 'Learn more about Gemini API quotas', 'url': 'https://ai.google.dev/gemini-api/docs/rate-limits'}]}, {'@type': 'type.googleapis.com/google.rpc.QuotaFailure', 'violations': [{'quotaMetric': 'generativelanguage.googleapis.com/generate_content_free_tier_input_token_count', 'quotaId': 'GenerateContentInputTokensPerModelPerMinute-FreeTier', 'quotaDimensions': {'model': 'gemini-2.0-flash-exp', 'location': 'global'}}, {'quotaMetric': 'generativelanguage.googleapis.com/generate_content_free_tier_requests', 'quotaId': 'GenerateRequestsPerMinutePerProjectPerModel-FreeTier', 'quotaDimensions': {'location': 'global', 'model': 'gemini-2.0-flash-exp'}}]}, {'@type': 'type.googleapis.com/google.rpc.RetryInfo', 'retryDelay': '15s'}]}}]","rpm: only one argument expected
Usage: rpm {--help|-v|options}
       rpm {-q|--query} [select-options] [query-options]
       rpm {-i|--install} [install-options] PACKAGE_FILE ...
       rpm {-U|--upgrade} [install-options] PACKAGE_FILE ...
       rpm {-F|--freshen} [install-options] PACKAGE_FILE ...
       rpm {-e|--erase} [--allmatches] [--nodeps] [--noscripts] [--notriggers] [--repackage] PACKAGE_NAME ...
       rpm {-V|--verify} [select-options] [verify-options]
       rpm {-K|--checksig} [--nosignature] [--nodigest] PACKAGE_FILE ...
       rpm {--import|--resign} PUBKEY ...
       rpm {--rebuilddb|--initdb}
       rpm {--addsign|--delsign} PACKAGE_FILE ...
       rpm {--showrc} [--verbose]
       rpm {--dump} PACKAGE_FILE ...

jordan@datalab-prod:~$",0.7615490762938653,0.06009453072248483,0.5114449912216152,0.6379906712732064,0.07450980392156858,0.480738387427731
rpm -qa ./config.yaml -v,No such file or directory,"Error: Error code: 429 - [{'error': {'code': 429, 'message': 'You exceeded your current quota, please check your plan and billing details. For more information on this error, head to: https://ai.google.dev/gemini-api/docs/rate-limits. To monitor your current usage, head to: https://ai.dev/usage?tab=rate-limit. \n* Quota exceeded for metric: generativelanguage.googleapis.com/generate_content_free_tier_input_token_count, limit: 0, model: gemini-2.0-flash-exp\n* Quota exceeded for metric: generativelanguage.googleapis.com/generate_content_free_tier_requests, limit: 0, model: gemini-2.0-flash-exp\nPlease retry in 8.193231532s.', 'status': 'RESOURCE_EXHAUSTED', 'details': [{'@type': 'type.googleapis.com/google.rpc.Help', 'links': [{'description': 'Learn more about Gemini API quotas', 'url': 'https://ai.google.dev/gemini-api/docs/rate-limits'}]}, {'@type': 'type.googleapis.com/google.rpc.QuotaFailure', 'violations': [{'quotaMetric': 'generativelanguage.googleapis.com/generate_content_free_tier_input_token_count', 'quotaId': 'GenerateContentInputTokensPerModelPerMinute-FreeTier', 'quotaDimensions': {'location': 'global', 'model': 'gemini-2.0-flash-exp'}}, {'quotaMetric': 'generativelanguage.googleapis.com/generate_content_free_tier_requests', 'quotaId': 'GenerateRequestsPerMinutePerProjectPerModel-FreeTier', 'quotaDimensions': {'location': 'global', 'model': 'gemini-2.0-flash-exp'}}]}, {'@type': 'type.googleapis.com/google.rpc.RetryInfo', 'retryDelay': '8s'}]}}]","text
rpm: illegal option -- q
Usage: rpm [-a|-b] [options] <package_file> ...
   or: rpm [-q] [options] [<package_name> ...]
   or: rpm {-i|--install} [install-options] <package_file> ...
   or: rpm {-U|--upgrade} [install-options] <package_file> ...
   or: rpm {-F|--freshen} [install-options] <package_file> ...
   or: rpm {-e|--erase} [--allmatches] [--justdb] [--nodeps] [--noscripts] [--notriggers] [--repackage] <package_name> ...
   or: rpm {-V|--verify} [verify-options] [<package_name> ...]
   or: rpm {-K|--checksig} [--nosignature] [--nodigest] <package_file> ...
   or: rpm --rebuilddb
   or: rpm --initdb
   or: rpm --version

jordan@datalab-prod:~$",-0.032014993099258565,0.016227180527383367,0.5198535046202388,0.007779684972393505,0.03474320241691842,0.506653531240422
df -h && echo OK,Command not found,"Error: Error code: 429 - [{'error': {'code': 429, 'message': 'You exceeded your current quota, please check your plan and billing details. For more information on this error, head to: https://ai.google.dev/gemini-api/docs/rate-limits. To monitor your current usage, head to: https://ai.dev/usage?tab=rate-limit. \n* Quota exceeded for metric: generativelanguage.googleapis.com/generate_content_free_tier_requests, limit: 0, model: gemini-2.0-flash-exp\n* Quota exceeded for metric: generativelanguage.googleapis.com/generate_content_free_tier_input_token_count, limit: 0, model: gemini-2.0-flash-exp\nPlease retry in 1.387293134s.', 'status': 'RESOURCE_EXHAUSTED', 'details': [{'@type': 'type.googleapis.com/google.rpc.Help', 'links': [{'description': 'Learn more about Gemini API quotas', 'url': 'https://ai.google.dev/gemini-api/docs/rate-limits'}]}, {'@type': 'type.googleapis.com/google.rpc.QuotaFailure', 'violations': [{'quotaMetric': 'generativelanguage.googleapis.com/generate_content_free_tier_requests', 'quotaId': 'GenerateRequestsPerMinutePerProjectPerModel-FreeTier', 'quotaDimensions': {'location': 'global', 'model': 'gemini-2.0-flash-exp'}}, {'quotaMetric': 'generativelanguage.googleapis.com/generate_content_free_tier_input_token_count', 'quotaId': 'GenerateContentInputTokensPerModelPerMinute-FreeTier', 'quotaDimensions': {'location': 'global', 'model': 'gemini-2.0-flash-exp'}}]}, {'@type': 'type.googleapis.com/google.rpc.RetryInfo', 'retryDelay': '1s'}]}}]","text
Filesystem      Size  Used Avail Use% Mounted on
udev            7.8G     0  7.8G   0% /dev
tmpfs           1.6G  1.1M  1.6G   1% /run
/dev/sda1        29G  9.9G   18G  36% /
tmpfs           7.8G     0  7.8G   0% /dev/shm
tmpfs           5.0M     0  5.0M   0% /run/lock
tmpfs           7.8G     0  7.8G   0% /sys/fs/cgroup
/dev/loop0       98M   98M     0 100% /snap/core/16202
/dev/loop1      114M  114M     0 100% /snap/core/16574
/dev/loop2       64M   64M     0 100% /snap/core20/2015
/dev/loop3       64M   64M     0 100% /snap/core20/2105
/dev/loop4      143M  143M     0 100% /snap/firefox/3418
/dev/loop5      143M  143M     0 100% /snap/firefox/3449
/dev/loop6       56M   56M     0 100% /snap/core18/2796
/dev/loop7       56M   56M     0 100% /snap/core18/2798
/dev/loop8       47M   47M     0 100% /snap/snapd/20290
/dev/loop9       47M   47M     0 100% /snap/snapd/20671
tmpfs           1.6G   60K  1.6G   1% /run/user/1000
OK
```
sarah@devserver01:~$",0.024862181756574158,0.011494252873563204,0.5136353391931485,-0.13324079947481185,0.015495867768595017,0.5067351320693566
yum install -y httpd,grep: /etc/passwd: Is a directory,"Error: Error code: 429 - [{'error': {'code': 429, 'message': 'You exceeded your current quota, please check your plan and billing details. For more information on this error, head to: https://ai.google.dev/gemini-api/docs/rate-limits. To monitor your current usage, head to: https://ai.dev/usage?tab=rate-limit. \n* Quota exceeded for metric: generativelanguage.googleapis.com/generate_content_free_tier_input_token_count, limit: 0, model: gemini-2.0-flash-exp\n* Quota exceeded for metric: generativelanguage.googleapis.com/generate_content_free_tier_requests, limit: 0, model: gemini-2.0-flash-exp\nPlease retry in 53.322011085s.', 'status': 'RESOURCE_EXHAUSTED', 'details': [{'@type': 'type.googleapis.com/google.rpc.Help', 'links': [{'description': 'Learn more about Gemini API quotas', 'url': 'https://ai.google.dev/gemini-api/docs/rate-limits'}]}, {'@type': 'type.googleapis.com/google.rpc.QuotaFailure', 'violations': [{'quotaMetric': 'generativelanguage.googleapis.com/generate_content_free_tier_input_token_count', 'quotaId': 'GenerateContentInputTokensPerModelPerMinute-FreeTier', 'quotaDimensions': {'location': 'global', 'model': 'gemini-2.0-flash-exp'}}, {'quotaMetric': 'generativelanguage.googleapis.com/generate_content_free_tier_requests', 'quotaId': 'GenerateRequestsPerMinutePerProjectPerModel-FreeTier', 'quotaDimensions': {'location': 'global', 'model': 'gemini-2.0-flash-exp'}}]}, {'@type': 'type.googleapis.com/google.rpc.RetryInfo', 'retryDelay': '53s'}]}}]","text
yum: command not found
```
morgan@k8s-master01:~$",0.6202977856291051,0.02160702228224176,0.5136569678400612,0.2755489391917494,0.11111111111111116,0.4923417178319139
rpm -qa /etc/passwd --help,Unable to open file,"Error: Error code: 429 - [{'error': {'code': 429, 'message': 'You exceeded your current quota, please check your plan and billing details. For more information on this error, head to: https://ai.google.dev/gemini-api/docs/rate-limits. To monitor your current usage, head to: https://ai.dev/usage?tab=rate-limit. \n* Quota exceeded for metric: generativelanguage.googleapis.com/generate_content_free_tier_input_token_count, limit: 0, model: gemini-2.0-flash-exp\n* Quota exceeded for metric: generativelanguage.googleapis.com/generate_content_free_tier_requests, limit: 0, model: gemini-2.0-flash-exp\nPlease retry in 48.59693199s.', 'status': 'RESOURCE_EXHAUSTED', 'details': [{'@type': 'type.googleapis.com/google.rpc.Help', 'links': [{'description': 'Learn more about Gemini API quotas', 'url': 'https://ai.google.dev/gemini-api/docs/rate-limits'}]}, {'@type': 'type.googleapis.com/google.rpc.QuotaFailure', 'violations': [{'quotaMetric': 'generativelanguage.googleapis.com/generate_content_free_tier_input_token_count', 'quotaId': 'GenerateContentInputTokensPerModelPerMinute-FreeTier', 'quotaDimensions': {'location': 'global', 'model': 'gemini-2.0-flash-exp'}}, {'quotaMetric': 'generativelanguage.googleapis.com/generate_content_free_tier_requests', 'quotaId': 'GenerateRequestsPerMinutePerProjectPerModel-FreeTier', 'quotaDimensions': {'location': 'global', 'model': 'gemini-2.0-flash-exp'}}]}, {'@type': 'type.googleapis.com/google.rpc.RetryInfo', 'retryDelay': '48s'}]}}]","text
rpm: only one query package can be specified
Usage: rpm <options>
   where options are:
  -a                      query all packages
  -f <path>               query owning package
  -g <group>              query group of packages
  -p <package_file>       query a package file
  -q                      query a package
  -R                      query packages by Requires dependency
  -s                      query packages by Provides dependency
  --whatprovides <capability>
                          query packages by Provides dependency
  --whatrequires <capability>
                          query packages by Requires dependency
  --nodeps                do not verify package dependencies
  --nocontexts            do not verify file security contexts
  --nomd5                 do not verify package file digests
  --nosignature           do not verify package signatures
  --nosuggest             do not suggest package installation
  --nohdrchk              do not verify package header digests
  --nofiles               do not verify package files
  --nodigest              do not verify package and header digests
  --noscripts             do not execute package scriptlets
  --noplugins             disable all plugins
  --ftpproxy <host>       use <host> as ftp proxy
  --httpproxy <host>      use <host> as http proxy
  --trace                 print extensive debugging information
  --version               print the rpm version number
  --help                  print this help message
```
sarah@devserver01:~$",0.03495724002113929,0.012837837837837873,0.5305950687529635,0.18551021189871797,0.012418300653594727,0.5304552230248825
less /var/log/auth.log && echo OK,Process terminated,"Error: Error code: 429 - [{'error': {'code': 429, 'message': 'You exceeded your current quota, please check your plan and billing details. For more information on this error, head to: https://ai.google.dev/gemini-api/docs/rate-limits. To monitor your current usage, head to: https://ai.dev/usage?tab=rate-limit. \n* Quota exceeded for metric: generativelanguage.googleapis.com/generate_content_free_tier_requests, limit: 0, model: gemini-2.0-flash-exp\n* Quota exceeded for metric: generativelanguage.googleapis.com/generate_content_free_tier_input_token_count, limit: 0, model: gemini-2.0-flash-exp\nPlease retry in 41.887480657s.', 'status': 'RESOURCE_EXHAUSTED', 'details': [{'@type': 'type.googleapis.com/google.rpc.Help', 'links': [{'description': 'Learn more about Gemini API quotas', 'url': 'https://ai.google.dev/gemini-api/docs/rate-limits'}]}, {'@type': 'type.googleapis.com/google.rpc.QuotaFailure', 'violations': [{'quotaMetric': 'generativelanguage.googleapis.com/generate_content_free_tier_requests', 'quotaId': 'GenerateRequestsPerMinutePerProjectPerModel-FreeTier', 'quotaDimensions': {'location': 'global', 'model': 'gemini-2.0-flash-exp'}}, {'quotaMetric': 'generativelanguage.googleapis.com/generate_content_free_tier_input_token_count', 'quotaId': 'GenerateContentInputTokensPerModelPerMinute-FreeTier', 'quotaDimensions': {'location': 'global', 'model': 'gemini-2.0-flash-exp'}}]}, {'@type': 'type.googleapis.com/google.rpc.RetryInfo', 'retryDelay': '41s'}]}}]","text
/var/log/auth.log: Permission denied
OK
```
morgan@k8s-master01:~$",0.01710446321376939,0.012153950033760963,0.5410883537149573,0.040240252962248785,0.16901408450704225,0.6103132958973886
grep root /etc/passwd,passwd: password updated successfully,"Error: Error code: 429 - [{'error': {'code': 429, 'message': 'You exceeded your current quota, please check your plan and billing details. For more information on this error, head to: https://ai.google.dev/gemini-api/docs/rate-limits. To monitor your current usage, head to: https://ai.dev/usage?tab=rate-limit. \n* Quota exceeded for metric: generativelanguage.googleapis.com/generate_content_free_tier_input_token_count, limit: 0, model: gemini-2.0-flash-exp\n* Quota exceeded for metric: generativelanguage.googleapis.com/generate_content_free_tier_requests, limit: 0, model: gemini-2.0-flash-exp\nPlease retry in 37.25060621s.', 'status': 'RESOURCE_EXHAUSTED', 'details': [{'@type': 'type.googleapis.com/google.rpc.Help', 'links': [{'description': 'Learn more about Gemini API quotas', 'url': 'https://ai.google.dev/gemini-api/docs/rate-limits'}]}, {'@type': 'type.googleapis.com/google.rpc.QuotaFailure', 'violations': [{'quotaMetric': 'generativelanguage.googleapis.com/generate_content_free_tier_input_token_count', 'quotaId': 'GenerateContentInputTokensPerModelPerMinute-FreeTier', 'quotaDimensions': {'location': 'global', 'model': 'gemini-2.0-flash-exp'}}, {'quotaMetric': 'generativelanguage.googleapis.com/generate_content_free_tier_requests', 'quotaId': 'GenerateRequestsPerMinutePerProjectPerModel-FreeTier', 'quotaDimensions': {'location': 'global', 'model': 'gemini-2.0-flash-exp'}}]}, {'@type': 'type.googleapis.com/google.rpc.RetryInfo', 'retryDelay': '37s'}]}}]","text
root:x:0:0:root:/root:/bin/bash
```
sarah@devserver01:~$",0.25499706070924477,0.023648648648648685,0.5136743886743886,0.2551615064803912,0.11475409836065575,0.39590410082213356
df -h,"Connecting to example.com...
HTTP request sent, awaiting response... 200 OK
Saving to: ‘file.txt’
100%[==================================>] 2.5K --.-KB/s in 0s","Error: Error code: 429 - [{'error': {'code': 429, 'message': 'You exceeded your current quota, please check your plan and billing details. For more information on this error, head to: https://ai.google.dev/gemini-api/docs/rate-limits. To monitor your current usage, head to: https://ai.dev/usage?tab=rate-limit. \n* Quota exceeded for metric: generativelanguage.googleapis.com/generate_content_free_tier_input_token_count, limit: 0, model: gemini-2.0-flash-exp\n* Quota exceeded for metric: generativelanguage.googleapis.com/generate_content_free_tier_requests, limit: 0, model: gemini-2.0-flash-exp\nPlease retry in 32.827572126s.', 'status': 'RESOURCE_EXHAUSTED', 'details': [{'@type': 'type.googleapis.com/google.rpc.Help', 'links': [{'description': 'Learn more about Gemini API quotas', 'url': 'https://ai.google.dev/gemini-api/docs/rate-limits'}]}, {'@type': 'type.googleapis.com/google.rpc.QuotaFailure', 'violations': [{'quotaMetric': 'generativelanguage.googleapis.com/generate_content_free_tier_input_token_count', 'quotaId': 'GenerateContentInputTokensPerModelPerMinute-FreeTier', 'quotaDimensions': {'model': 'gemini-2.0-flash-exp', 'location': 'global'}}, {'quotaMetric': 'generativelanguage.googleapis.com/generate_content_free_tier_requests', 'quotaId': 'GenerateRequestsPerMinutePerProjectPerModel-FreeTier', 'quotaDimensions': {'location': 'global', 'model': 'gemini-2.0-flash-exp'}}]}, {'@type': 'type.googleapis.com/google.rpc.RetryInfo', 'retryDelay': '32s'}]}}]","text
WARNING: This system is for authorized users only!
All activities are monitored and logged.
Unauthorized access is prohibited and will be prosecuted.
By continuing, you acknowledge corporate IT policies.
Last login: Wed Nov 15 09:42:13 2023 from 10.0.2.150
Filesystem      Size  Used Avail Use% Mounted on
udev            7.8G     0  7.8G   0% /dev
tmpfs           1.6G  9.5M  1.6G   1% /run
/dev/vda1        49G   12G   35G  26% /
tmpfs           7.8G     0  7.8G   0% /dev/shm
tmpfs           5.0M     0  5.0M   0% /run/lock
/dev/vda15      105M  3.6M  101M   4% /boot/efi
tmpfs           1.6G     0  1.6G   0% /run/user/1000
sarah@devserver01:~$",0.744395403559736,0.05874409182984475,0.43932169088699025,0.6235874138483309,0.09954058192955595,0.4636440282250139
tar -xzf archive.tar.gz tmp/data.txt,Output suppressed,"Error: Error code: 429 - [{'error': {'code': 429, 'message': 'You exceeded your current quota, please check your plan and billing details. For more information on this error, head to: https://ai.google.dev/gemini-api/docs/rate-limits. To monitor your current usage, head to: https://ai.dev/usage?tab=rate-limit. \n* Quota exceeded for metric: generativelanguage.googleapis.com/generate_content_free_tier_requests, limit: 0, model: gemini-2.0-flash-exp\n* Quota exceeded for metric: generativelanguage.googleapis.com/generate_content_free_tier_input_token_count, limit: 0, model: gemini-2.0-flash-exp\nPlease retry in 25.950856295s.', 'status': 'RESOURCE_EXHAUSTED', 'details': [{'@type': 'type.googleapis.com/google.rpc.Help', 'links': [{'description': 'Learn more about Gemini API quotas', 'url': 'https://ai.google.dev/gemini-api/docs/rate-limits'}]}, {'@type': 'type.googleapis.com/google.rpc.QuotaFailure', 'violations': [{'quotaMetric': 'generativelanguage.googleapis.com/generate_content_free_tier_requests', 'quotaId': 'GenerateRequestsPerMinutePerProjectPerModel-FreeTier', 'quotaDimensions': {'location': 'global', 'model': 'gemini-2.0-flash-exp'}}, {'quotaMetric': 'generativelanguage.googleapis.com/generate_content_free_tier_input_token_count', 'quotaId': 'GenerateContentInputTokensPerModelPerMinute-FreeTier', 'quotaDimensions': {'location': 'global', 'model': 'gemini-2.0-flash-exp'}}]}, {'@type': 'type.googleapis.com/google.rpc.RetryInfo', 'retryDelay': '25s'}]}}]","WARNING: This system is for authorized users only!
All activities are monitored and logged.
Unauthorized access is prohibited and will be prosecuted.
By continuing, you acknowledge corporate IT policies.
Last successful login information with realistic timestamps
Failed login attempts counter (when applicable)
System status messages (maintenance windows, policy updates)
Corporate motd (message of the day) with announcements
tar: tmp/data.txt: Not found in archive
tar: Exiting with failure status due to previous errors
sarah@devserver01:~$
",-0.08350781376739677,0.011478730587440866,0.5332380082350292,0.1590086912792158,0.029357798165137616,0.5110114229177909
umount /mnt | grep root,Command not found,"Error: Error code: 429 - [{'error': {'code': 429, 'message': 'You exceeded your current quota, please check your plan and billing details. For more information on this error, head to: https://ai.google.dev/gemini-api/docs/rate-limits. To monitor your current usage, head to: https://ai.dev/usage?tab=rate-limit. \n* Quota exceeded for metric: generativelanguage.googleapis.com/generate_content_free_tier_input_token_count, limit: 0, model: gemini-2.0-flash-exp\n* Quota exceeded for metric: generativelanguage.googleapis.com/generate_content_free_tier_requests, limit: 0, model: gemini-2.0-flash-exp\nPlease retry in 21.239228934s.', 'status': 'RESOURCE_EXHAUSTED', 'details': [{'@type': 'type.googleapis.com/google.rpc.Help', 'links': [{'description': 'Learn more about Gemini API quotas', 'url': 'https://ai.google.dev/gemini-api/docs/rate-limits'}]}, {'@type': 'type.googleapis.com/google.rpc.QuotaFailure', 'violations': [{'quotaMetric': 'generativelanguage.googleapis.com/generate_content_free_tier_input_token_count', 'quotaId': 'GenerateContentInputTokensPerModelPerMinute-FreeTier', 'quotaDimensions': {'location': 'global', 'model': 'gemini-2.0-flash-exp'}}, {'quotaMetric': 'generativelanguage.googleapis.com/generate_content_free_tier_requests', 'quotaId': 'GenerateRequestsPerMinutePerProjectPerModel-FreeTier', 'quotaDimensions': {'location': 'global', 'model': 'gemini-2.0-flash-exp'}}]}, {'@type': 'type.googleapis.com/google.rpc.RetryInfo', 'retryDelay': '21s'}]}}]","text
umount: /mnt: not mounted.
grep: root: No such file or directory
```
morgan@k8s-master01:~$",0.02260537969453932,0.011478730587440866,0.5136301650977744,0.10878523954183843,0.125,0.568423202614379
/usr/bin/apt-get install -y vim /etc/passwd,Output suppressed,"Error: Error code: 429 - [{'error': {'code': 429, 'message': 'You exceeded your current quota, please check your plan and billing details. For more information on this error, head to: https://ai.google.dev/gemini-api/docs/rate-limits. To monitor your current usage, head to: https://ai.dev/usage?tab=rate-limit. \n* Quota exceeded for metric: generativelanguage.googleapis.com/generate_content_free_tier_requests, limit: 0, model: gemini-2.0-flash-exp\n* Quota exceeded for metric: generativelanguage.googleapis.com/generate_content_free_tier_input_token_count, limit: 0, model: gemini-2.0-flash-exp\nPlease retry in 16.722967766s.', 'status': 'RESOURCE_EXHAUSTED', 'details': [{'@type': 'type.googleapis.com/google.rpc.Help', 'links': [{'description': 'Learn more about Gemini API quotas', 'url': 'https://ai.google.dev/gemini-api/docs/rate-limits'}]}, {'@type': 'type.googleapis.com/google.rpc.QuotaFailure', 'violations': [{'quotaMetric': 'generativelanguage.googleapis.com/generate_content_free_tier_requests', 'quotaId': 'GenerateRequestsPerMinutePerProjectPerModel-FreeTier', 'quotaDimensions': {'location': 'global', 'model': 'gemini-2.0-flash-exp'}}, {'quotaMetric': 'generativelanguage.googleapis.com/generate_content_free_tier_input_token_count', 'quotaId': 'GenerateContentInputTokensPerModelPerMinute-FreeTier', 'quotaDimensions': {'model': 'gemini-2.0-flash-exp', 'location': 'global'}}]}, {'@type': 'type.googleapis.com/google.rpc.RetryInfo', 'retryDelay': '16s'}]}}]","text
E: Could not open lock file /var/lib/dpkg/lock-frontend - open (13: Permission denied)
E: Unable to acquire the dpkg frontend lock; are you root?
```
sarah@devserver01:~$",-0.08280474790829559,0.011478730587440866,0.5332380082350292,0.04359084231473482,0.07428571428571429,0.4847920706744236
passwd testuser tmp/conf.txt,Unable to open file,"Error: Error code: 429 - [{'error': {'code': 429, 'message': 'You exceeded your current quota, please check your plan and billing details. For more information on this error, head to: https://ai.google.dev/gemini-api/docs/rate-limits. To monitor your current usage, head to: https://ai.dev/usage?tab=rate-limit. \n* Quota exceeded for metric: generativelanguage.googleapis.com/generate_content_free_tier_requests, limit: 0, model: gemini-2.0-flash-exp\n* Quota exceeded for metric: generativelanguage.googleapis.com/generate_content_free_tier_input_token_count, limit: 0, model: gemini-2.0-flash-exp\nPlease retry in 10.769102394s.', 'status': 'RESOURCE_EXHAUSTED', 'details': [{'@type': 'type.googleapis.com/google.rpc.Help', 'links': [{'description': 'Learn more about Gemini API quotas', 'url': 'https://ai.google.dev/gemini-api/docs/rate-limits'}]}, {'@type': 'type.googleapis.com/google.rpc.QuotaFailure', 'violations': [{'quotaMetric': 'generativelanguage.googleapis.com/generate_content_free_tier_requests', 'quotaId': 'GenerateRequestsPerMinutePerProjectPerModel-FreeTier', 'quotaDimensions': {'location': 'global', 'model': 'gemini-2.0-flash-exp'}}, {'quotaMetric': 'generativelanguage.googleapis.com/generate_content_free_tier_input_token_count', 'quotaId': 'GenerateContentInputTokensPerModelPerMinute-FreeTier', 'quotaDimensions': {'location': 'global', 'model': 'gemini-2.0-flash-exp'}}]}, {'@type': 'type.googleapis.com/google.rpc.RetryInfo', 'retryDelay': '10s'}]}}]","WARNING: This system is for authorized users only!
All activities are monitored and logged.
Unauthorized access is prohibited and will be prosecuted.
By continuing, you acknowledge corporate IT policies.
Last login: Wed Nov 15 09:42:13 2023 from 10.0.2.150
sarah@devserver01:~$ 
",0.03759142495870707,0.01282916948008106,0.5305921793003778,0.1791402253399568,0.06093189964157708,0.5314720492988744
df -h -v,Operation completed successfully,"Error: Error code: 429 - [{'error': {'code': 429, 'message': 'You exceeded your current quota, please check your plan and billing details. For more information on this error, head to: https://ai.google.dev/gemini-api/docs/rate-limits. To monitor your current usage, head to: https://ai.dev/usage?tab=rate-limit. \n* Quota exceeded for metric: generativelanguage.googleapis.com/generate_content_free_tier_input_token_count, limit: 0, model: gemini-2.0-flash-exp\n* Quota exceeded for metric: generativelanguage.googleapis.com/generate_content_free_tier_requests, limit: 0, model: gemini-2.0-flash-exp\nPlease retry in 5.473612552s.', 'status': 'RESOURCE_EXHAUSTED', 'details': [{'@type': 'type.googleapis.com/google.rpc.Help', 'links': [{'description': 'Learn more about Gemini API quotas', 'url': 'https://ai.google.dev/gemini-api/docs/rate-limits'}]}, {'@type': 'type.googleapis.com/google.rpc.QuotaFailure', 'violations': [{'quotaMetric': 'generativelanguage.googleapis.com/generate_content_free_tier_input_token_count', 'quotaId': 'GenerateContentInputTokensPerModelPerMinute-FreeTier', 'quotaDimensions': {'location': 'global', 'model': 'gemini-2.0-flash-exp'}}, {'quotaMetric': 'generativelanguage.googleapis.com/generate_content_free_tier_requests', 'quotaId': 'GenerateRequestsPerMinutePerProjectPerModel-FreeTier', 'quotaDimensions': {'model': 'gemini-2.0-flash-exp', 'location': 'global'}}]}, {'@type': 'type.googleapis.com/google.rpc.RetryInfo', 'retryDelay': '5s'}]}}]","text
Filesystem     Size Used Avail Use% Mounted on
/dev/sda1       20G  12G  7.0G  63% /
/dev/sdb1      100G  45G   55G  45% /home
tmpfs          7.8G     0  7.8G   0% /dev/shm
tmpfs          3.2G  8.2M  3.2G   1% /run
tmpfs          5.0M     0  5.0M   0% /run/lock
tmpfs          16G     0   16G   0% /tmp

sarah@devserver01:~$",-0.11325990398315987,0.02096010818120353,0.5176287469010592,0.08206028566544889,0.05167173252279633,0.454871664978048
tar -xzf archive.tar.gz && echo OK,Operation completed successfully,"Error: Error code: 429 - [{'error': {'code': 429, 'message': 'You exceeded your current quota, please check your plan and billing details. For more information on this error, head to: https://ai.google.dev/gemini-api/docs/rate-limits. To monitor your current usage, head to: https://ai.dev/usage?tab=rate-limit. \n* Quota exceeded for metric: generativelanguage.googleapis.com/generate_content_free_tier_requests, limit: 0, model: gemini-2.0-flash-exp\n* Quota exceeded for metric: generativelanguage.googleapis.com/generate_content_free_tier_input_token_count, limit: 0, model: gemini-2.0-flash-exp\nPlease retry in 59.676695656s.', 'status': 'RESOURCE_EXHAUSTED', 'details': [{'@type': 'type.googleapis.com/google.rpc.Help', 'links': [{'description': 'Learn more about Gemini API quotas', 'url': 'https://ai.google.dev/gemini-api/docs/rate-limits'}]}, {'@type': 'type.googleapis.com/google.rpc.QuotaFailure', 'violations': [{'quotaMetric': 'generativelanguage.googleapis.com/generate_content_free_tier_requests', 'quotaId': 'GenerateRequestsPerMinutePerProjectPerModel-FreeTier', 'quotaDimensions': {'location': 'global', 'model': 'gemini-2.0-flash-exp'}}, {'quotaMetric': 'generativelanguage.googleapis.com/generate_content_free_tier_input_token_count', 'quotaId': 'GenerateContentInputTokensPerModelPerMinute-FreeTier', 'quotaDimensions': {'location': 'global', 'model': 'gemini-2.0-flash-exp'}}]}, {'@type': 'type.googleapis.com/google.rpc.RetryInfo', 'retryDelay': '59s'}]}}]","text
tar: archive.tar.gz: Not found in archive
tar: Exiting with failure status due to previous errors
OK
```
sarah@devserver01:~$",-0.11543502161292692,0.02160702228224176,0.5176190074274138,0.11702514074308196,0.12307692307692308,0.4724707357859531
chmod 644 file | grep root,Unable to open file,"Error: Error code: 429 - [{'error': {'code': 429, 'message': 'You exceeded your current quota, please check your plan and billing details. For more information on this error, head to: https://ai.google.dev/gemini-api/docs/rate-limits. To monitor your current usage, head to: https://ai.dev/usage?tab=rate-limit. \n* Quota exceeded for metric: generativelanguage.googleapis.com/generate_content_free_tier_input_token_count, limit: 0, model: gemini-2.0-flash-exp\n* Quota exceeded for metric: generativelanguage.googleapis.com/generate_content_free_tier_requests, limit: 0, model: gemini-2.0-flash-exp\nPlease retry in 55.047135972s.', 'status': 'RESOURCE_EXHAUSTED', 'details': [{'@type': 'type.googleapis.com/google.rpc.Help', 'links': [{'description': 'Learn more about Gemini API quotas', 'url': 'https://ai.google.dev/gemini-api/docs/rate-limits'}]}, {'@type': 'type.googleapis.com/google.rpc.QuotaFailure', 'violations': [{'quotaMetric': 'generativelanguage.googleapis.com/generate_content_free_tier_input_token_count', 'quotaId': 'GenerateContentInputTokensPerModelPerMinute-FreeTier', 'quotaDimensions': {'model': 'gemini-2.0-flash-exp', 'location': 'global'}}, {'quotaMetric': 'generativelanguage.googleapis.com/generate_content_free_tier_requests', 'quotaId': 'GenerateRequestsPerMinutePerProjectPerModel-FreeTier', 'quotaDimensions': {'location': 'global', 'model': 'gemini-2.0-flash-exp'}}]}, {'@type': 'type.googleapis.com/google.rpc.RetryInfo', 'retryDelay': '55s'}]}}]","text
chmod: missing operand after 'file'
Try 'chmod --help' for more information.
grep: root: No such file or directory
```
sarah@devserver01:~$",0.03492195511792997,0.01282916948008106,0.5305921793003778,0.1893632702856018,0.10416666666666663,0.5532837403967434
chmod 644 file -v,Command not found,"Error: Error code: 429 - [{'error': {'code': 429, 'message': 'You exceeded your current quota, please check your plan and billing details. For more information on this error, head to: https://ai.google.dev/gemini-api/docs/rate-limits. To monitor your current usage, head to: https://ai.dev/usage?tab=rate-limit. \n* Quota exceeded for metric: generativelanguage.googleapis.com/generate_content_free_tier_input_token_count, limit: 0, model: gemini-2.0-flash-exp\n* Quota exceeded for metric: generativelanguage.googleapis.com/generate_content_free_tier_requests, limit: 0, model: gemini-2.0-flash-exp\nPlease retry in 49.582858498s.', 'status': 'RESOURCE_EXHAUSTED', 'details': [{'@type': 'type.googleapis.com/google.rpc.Help', 'links': [{'description': 'Learn more about Gemini API quotas', 'url': 'https://ai.google.dev/gemini-api/docs/rate-limits'}]}, {'@type': 'type.googleapis.com/google.rpc.QuotaFailure', 'violations': [{'quotaMetric': 'generativelanguage.googleapis.com/generate_content_free_tier_input_token_count', 'quotaId': 'GenerateContentInputTokensPerModelPerMinute-FreeTier', 'quotaDimensions': {'location': 'global', 'model': 'gemini-2.0-flash-exp'}}, {'quotaMetric': 'generativelanguage.googleapis.com/generate_content_free_tier_requests', 'quotaId': 'GenerateRequestsPerMinutePerProjectPerModel-FreeTier', 'quotaDimensions': {'location': 'global', 'model': 'gemini-2.0-flash-exp'}}]}, {'@type': 'type.googleapis.com/google.rpc.RetryInfo', 'retryDelay': '49s'}]}}]","Error: Error code: 429 - [{'error': {'code': 429, 'message': 'You exceeded your current quota, please check your plan and billing details. For more information on this error, head to: https://ai.google.dev/gemini-api/docs/rate-limits. To monitor your current usage, head to: https://ai.dev/usage?tab=rate-limit. \n* Quota exceeded for metric: generativelanguage.googleapis.com/generate_content_free_tier_requests, limit: 200, model: gemini-2.0-flash\nPlease retry in 47.764457573s.', 'status': 'RESOURCE_EXHAUSTED', 'details': [{'@type': 'type.googleapis.com/google.rpc.Help', 'links': [{'description': 'Learn more about Gemini API quotas', 'url': 'https://ai.google.dev/gemini-api/docs/rate-limits'}]}, {'@type': 'type.googleapis.com/google.rpc.QuotaFailure', 'violations': [{'quotaMetric': 'generativelanguage.googleapis.com/generate_content_free_tier_requests', 'quotaId': 'GenerateRequestsPerDayPerProjectPerModel-FreeTier', 'quotaDimensions': {'location': 'global', 'model': 'gemini-2.0-flash'}, 'quotaValue': '200'}]}, {'@type': 'type.googleapis.com/google.rpc.RetryInfo', 'retryDelay': '47s'}]}}]",0.023792298253964908,0.011478730587440866,0.5136301650977744,0.033105512636739796,0.015412511332728918,0.5149414253462037
python3 script.py && echo OK,Process terminated,"Error: Error code: 429 - [{'error': {'code': 429, 'message': 'You exceeded your current quota, please check your plan and billing details. For more information on this error, head to: https://ai.google.dev/gemini-api/docs/rate-limits. To monitor your current usage, head to: https://ai.dev/usage?tab=rate-limit. \n* Quota exceeded for metric: generativelanguage.googleapis.com/generate_content_free_tier_requests, limit: 0, model: gemini-2.0-flash-exp\n* Quota exceeded for metric: generativelanguage.googleapis.com/generate_content_free_tier_input_token_count, limit: 0, model: gemini-2.0-flash-exp\nPlease retry in 44.095643204s.', 'status': 'RESOURCE_EXHAUSTED', 'details': [{'@type': 'type.googleapis.com/google.rpc.Help', 'links': [{'description': 'Learn more about Gemini API quotas', 'url': 'https://ai.google.dev/gemini-api/docs/rate-limits'}]}, {'@type': 'type.googleapis.com/google.rpc.QuotaFailure', 'violations': [{'quotaMetric': 'generativelanguage.googleapis.com/generate_content_free_tier_requests', 'quotaId': 'GenerateRequestsPerMinutePerProjectPerModel-FreeTier', 'quotaDimensions': {'location': 'global', 'model': 'gemini-2.0-flash-exp'}}, {'quotaMetric': 'generativelanguage.googleapis.com/generate_content_free_tier_input_token_count', 'quotaId': 'GenerateContentInputTokensPerModelPerMinute-FreeTier', 'quotaDimensions': {'location': 'global', 'model': 'gemini-2.0-flash-exp'}}]}, {'@type': 'type.googleapis.com/google.rpc.RetryInfo', 'retryDelay': '44s'}]}}]","Error: Error code: 429 - [{'error': {'code': 429, 'message': 'You exceeded your current quota, please check your plan and billing details. For more information on this error, head to: https://ai.google.dev/gemini-api/docs/rate-limits. To monitor your current usage, head to: https://ai.dev/usage?tab=rate-limit. \n* Quota exceeded for metric: generativelanguage.googleapis.com/generate_content_free_tier_requests, limit: 200, model: gemini-2.0-flash\nPlease retry in 42.295888027s.', 'status': 'RESOURCE_EXHAUSTED', 'details': [{'@type': 'type.googleapis.com/google.rpc.Help', 'links': [{'description': 'Learn more about Gemini API quotas', 'url': 'https://ai.google.dev/gemini-api/docs/rate-limits'}]}, {'@type': 'type.googleapis.com/google.rpc.QuotaFailure', 'violations': [{'quotaMetric': 'generativelanguage.googleapis.com/generate_content_free_tier_requests', 'quotaId': 'GenerateRequestsPerDayPerProjectPerModel-FreeTier', 'quotaDimensions': {'location': 'global', 'model': 'gemini-2.0-flash'}, 'quotaValue': '200'}]}, {'@type': 'type.googleapis.com/google.rpc.RetryInfo', 'retryDelay': '42s'}]}}]",0.017478202601478067,0.012153950033760963,0.5410883537149573,0.020057963192442733,0.016319129646418906,0.5424767469191767
which python3 && echo OK,Output suppressed,"Error: Error code: 429 - [{'error': {'code': 429, 'message': 'You exceeded your current quota, please check your plan and billing details. For more information on this error, head to: https://ai.google.dev/gemini-api/docs/rate-limits. To monitor your current usage, head to: https://ai.dev/usage?tab=rate-limit. \n* Quota exceeded for metric: generativelanguage.googleapis.com/generate_content_free_tier_input_token_count, limit: 0, model: gemini-2.0-flash-exp\n* Quota exceeded for metric: generativelanguage.googleapis.com/generate_content_free_tier_requests, limit: 0, model: gemini-2.0-flash-exp\nPlease retry in 38.941003966s.', 'status': 'RESOURCE_EXHAUSTED', 'details': [{'@type': 'type.googleapis.com/google.rpc.Help', 'links': [{'description': 'Learn more about Gemini API quotas', 'url': 'https://ai.google.dev/gemini-api/docs/rate-limits'}]}, {'@type': 'type.googleapis.com/google.rpc.QuotaFailure', 'violations': [{'quotaMetric': 'generativelanguage.googleapis.com/generate_content_free_tier_input_token_count', 'quotaId': 'GenerateContentInputTokensPerModelPerMinute-FreeTier', 'quotaDimensions': {'location': 'global', 'model': 'gemini-2.0-flash-exp'}}, {'quotaMetric': 'generativelanguage.googleapis.com/generate_content_free_tier_requests', 'quotaId': 'GenerateRequestsPerMinutePerProjectPerModel-FreeTier', 'quotaDimensions': {'location': 'global', 'model': 'gemini-2.0-flash-exp'}}]}, {'@type': 'type.googleapis.com/google.rpc.RetryInfo', 'retryDelay': '38s'}]}}]","Error: Error code: 429 - [{'error': {'code': 429, 'message': 'You exceeded your current quota, please check your plan and billing details. For more information on this error, head to: https://ai.google.dev/gemini-api/docs/rate-limits. To monitor your current usage, head to: https://ai.dev/usage?tab=rate-limit. \n* Quota exceeded for metric: generativelanguage.googleapis.com/generate_content_free_tier_requests, limit: 200, model: gemini-2.0-flash\nPlease retry in 37.224630845s.', 'status': 'RESOURCE_EXHAUSTED', 'details': [{'@type': 'type.googleapis.com/google.rpc.Help', 'links': [{'description': 'Learn more about Gemini API quotas', 'url': 'https://ai.google.dev/gemini-api/docs/rate-limits'}]}, {'@type': 'type.googleapis.com/google.rpc.QuotaFailure', 'violations': [{'quotaMetric': 'generativelanguage.googleapis.com/generate_content_free_tier_requests', 'quotaId': 'GenerateRequestsPerDayPerProjectPerModel-FreeTier', 'quotaDimensions': {'model': 'gemini-2.0-flash', 'location': 'global'}, 'quotaValue': '200'}]}, {'@type': 'type.googleapis.com/google.rpc.RetryInfo', 'retryDelay': '37s'}]}}]",-0.08432309557974887,0.011478730587440866,0.5332380082350292,-0.07446568458132354,0.01450589301903904,0.5345492684834587
